strategija,avtor,zbir,id zbira
Purrely,ThomasGraduated2020,66b223caa1b39638477cb966.text,66b223caa1b39638477cb966
Mannadium,Ayubus,66b23696050bc5c99ee6d6fc.text,66b23696050bc5c99ee6d6fc
Floowandereeze,Crazybarkss,66b2422148c1fde521d5e84e.text,66b2422148c1fde521d5e84e
Labrynth,kenn¬•,66b24259a1b3963847804efd.text,66b24259a1b3963847804efd
Branded,NightPrimrose,66b25557863a43d44519cc35.text,66b25557863a43d44519cc35
Ogdoadic,Drew,66b26833863a43d4451bf25d.text,66b26833863a43d4451bf25d
Tearlaments,Heavensfeelubw,66b2b41abbc3b0fc02e88a79.text,66b2b41abbc3b0fc02e88a79
Yubel,Zalda,66b2d2c24ad51c22a52ccc38.text,66b2d2c24ad51c22a52ccc38
Ninja,Slayton,66b2d74a8d6cbb695c1cbdd8.text,66b2d74a8d6cbb695c1cbdd8
Naturia,Spratt,66b2ff10cfa573427add795c.text,66b2ff10cfa573427add795c
Exosister,The only Mes,66b3122845a3a842d65ba065.text,66b3122845a3a842d65ba065
Branded,OedipaMaas,66b3150c45a3a842d65bf840.text,66b3150c45a3a842d65bf840
Adventure Phantom Knights,Cipher Ghost,66b379de4c13ef0a280b58e4.text,66b379de4c13ef0a280b58e4
Infernoble Knight,adolfojpereira,66b37f57bb4a7ccdaa3d35e1.text,66b37f57bb4a7ccdaa3d35e1
Resonators,Elequinn,66b37f57bb4a7ccdaa3d35e2.text,66b37f57bb4a7ccdaa3d35e2
Chaos,sunnnz,66b382024c13ef0a280c3406.text,66b382024c13ef0a280c3406
Stun,Esquivar,66b390d5a166d85bfc18a654.text,66b390d5a166d85bfc18a654
Rikka,‡∏Å‡∏£‡∏∞‡∏£‡∏≠‡∏Å‡∏à‡∏∞‡∏Å‡∏¥‡∏ô‡πÅ‡∏°‡∏ß‚ô°,66b3a5aa853100307d9c52a5.text,66b3a5aa853100307d9c52a5
Horus,Hidz,66b3ca1a8ade698ca20bc983.text,66b3ca1a8ade698ca20bc983
Branded,Vox,66b3dd268ade698ca20db34d.text,66b3dd268ade698ca20db34d
Tearlaments,terrencegrey,66b41a1a691e67b5f694a6ec.text,66b41a1a691e67b5f694a6ec
Live‚òÜTwin Spright,Saucy Senpai,66b41a1a691e67b5f694a6ed.text,66b41a1a691e67b5f694a6ed
Rescue-ACE,Gargolo,66b41aeb3010167147ff20a9.text,66b41aeb3010167147ff20a9
Adventure Phantom Knights,jamesnintendoturd,66b41aeb3010167147ff20a8.text,66b41aeb3010167147ff20a8
Purrely,UmbraeDraconian,66b41aeb3010167147ff20aa.text,66b41aeb3010167147ff20aa
Time Thief,mikeee,66b41df23010167147ff77cf.text,66b41df23010167147ff77cf
Scareclaw,Heavensfeelubw,66b448bde93c457470f5e9de.text,66b448bde93c457470f5e9de
Synchrons,River,66b4c9da7b9a82ff21c8924c.text,66b4c9da7b9a82ff21c8924c
Voiceless Voice,EXSlayer64,66b4caee850ffe0c91d7b894.text,66b4caee850ffe0c91d7b894
Stun,~Â§ßÂ∞∫Â∫¶ÁÇíÈù¢~,66b4cb48850ffe0c91d7d04f.text,66b4cb48850ffe0c91d7d04f
Scareclaw,Astra,66b4cb92850ffe0c91d7e37d.text,66b4cb92850ffe0c91d7e37d
Zoodiac,Buns2,66b4e17a9800445a670272d3.text,66b4e17a9800445a670272d3
Infernoble Knight,lys,66b4f32be5eb5040b9ae4026.text,66b4f32be5eb5040b9ae4026
Resonators,ckw81,66b509ee469a2154b976441c.text,66b509ee469a2154b976441c
Yubel,KosmannewO,66b528cca651346ab5a05111.text,66b528cca651346ab5a05111
Tearlaments,Rasce,66b528cca651346ab5a05112.text,66b528cca651346ab5a05112
Raidraptor,GadgetBug,66b528cca651346ab5a05113.text,66b528cca651346ab5a05113
Gishki,warf555,66b55b95e8d2f3a679709269.text,66b55b95e8d2f3a679709269
Centur-Ion,gaze,66b55b95e8d2f3a67970926a.text,66b55b95e8d2f3a67970926a
Voiceless Voice,Nod3Q,66b55b95e8d2f3a67970926b.text,66b55b95e8d2f3a67970926b
Yubel,!                          Modar,66b57c94d97a3ef024d23081.text,66b57c94d97a3ef024d23081
Fur Hire,Barzarld,66b5b949df4aeb8bb07de2d0.text,66b5b949df4aeb8bb07de2d0
Ice Barrier,Kaley,66b5bae3df4aeb8bb07e0f03.text,66b5bae3df4aeb8bb07e0f03
Floowandereeze,Smitejr,66b62e475e92b8e1e59cade9.text,66b62e475e92b8e1e59cade9
Centur-Ion,Exelicor,66b62e475e92b8e1e59cadea.text,66b62e475e92b8e1e59cadea
Salamangreat,Fer ‚ú∞,66b6352b3539b7f96e609c43.text,66b6352b3539b7f96e609c43
Voiceless Voice,Overdue,66b656c725dae00d6cc5ea33.text,66b656c725dae00d6cc5ea33
Naturia,Specter,66b693ec85bde387f0037925.text,66b693ec85bde387f0037925
Chimera,Shaabi37,66b693ec85bde387f0037926.text,66b693ec85bde387f0037926
Stun,Joey,66b693ec85bde387f0037927.text,66b693ec85bde387f0037927
Zefra,Wotan,66b69d6a0f3c7642e3fff8eb.text,66b69d6a0f3c7642e3fff8eb
Branded,Darius,66b69d6a0f3c7642e3fff8ec.text,66b69d6a0f3c7642e3fff8ec
Branded,Akamatsu,66b69e802c6f73f9bd668f6e.text,66b69e802c6f73f9bd668f6e
Snake-Eye Fire King,Izrob,66b69e802c6f73f9bd668f6f.text,66b69e802c6f73f9bd668f6f
Centur-Ion,Spiffy,66b69e802c6f73f9bd668f70.text,66b69e802c6f73f9bd668f70
Tearlaments,yingxingxing,66b6a0b591aca66613e4de9e.text,66b6a0b591aca66613e4de9e
Voiceless Voice,k0k!,66b6a0b591aca66613e4de9f.text,66b6a0b591aca66613e4de9f
Voiceless Voice,LMT,66b6a0b591aca66613e4dea0.text,66b6a0b591aca66613e4dea0
Ice Barrier,usif,66b6a2ae0f3c7642e300aaf1.text,66b6a2ae0f3c7642e300aaf1
Resonators,Kinggladeargaming,66b6e358eb1188c0cf5680d6.text,66b6e358eb1188c0cf5680d6
Snake-Eye Fire King,Bravioli,66b6f0d63651c49c3af73834.text,66b6f0d63651c49c3af73834
Voiceless Voice,SUP1NO,66b6fe205800fb03b8fd1bbf.text,66b6fe205800fb03b8fd1bbf
Lyrilusc Tri-Brigade,Lucas,66b6fe205800fb03b8fd1bc0.text,66b6fe205800fb03b8fd1bc0
Voiceless Voice,Feeb,66b6fe205800fb03b8fd1bc1.text,66b6fe205800fb03b8fd1bc1
Yubel,Yotsuba,66b6fe205800fb03b8fd1bc2.text,66b6fe205800fb03b8fd1bc2
Voiceless Voice,OedipaMaas,66b6fe75342ee6514263912b.text,66b6fe75342ee6514263912b
Snake-Eye Fire King,Rixia,66b700413979b23bf58257c6.text,66b700413979b23bf58257c6
P.U.N.K.,nbee,66b73f490229c13a7c46850a.text,66b73f490229c13a7c46850a
Voiceless Voice,n0p-boy,66b74003af97a2a5bc3724cc.text,66b74003af97a2a5bc3724cc
Centur-Ion,Ollie-Nollie,66b7409faf97a2a5bc3740d5.text,66b7409faf97a2a5bc3740d5
Resonators,Ben Sh0w,66b742dbca219392d65768ad.text,66b742dbca219392d65768ad
Rescue-ACE,be_woke,66b743a60229c13a7c47099e.text,66b743a60229c13a7c47099e
Yubel,J. Prince,66b762b6d4ae49b5cdbdbac6.text,66b762b6d4ae49b5cdbdbac6
Zoodiac,R-1161,66b782c80e45af160c96a4c2.text,66b782c80e45af160c96a4c2
Ice Barrier,jAsh?!,66b783117e6243260e8f22c3.text,66b783117e6243260e8f22c3
Ghoti,VioletAutumn,66b78370e9466355e9655777.text,66b78370e9466355e9655777
Raidraptor,Yukinon,66b7863eb731ca51b5cd58e4.text,66b7863eb731ca51b5cd58e4
Yubel,johmmychu,66b792d4e9466355e96773b5.text,66b792d4e9466355e96773b5
Voiceless Voice,Puitibule da Ap√∫lia,66b792d4e9466355e96773b4.text,66b792d4e9466355e96773b4
Vaylantz,Silver,66b7a1d195429e7524e9a0a6.text,66b7a1d195429e7524e9a0a6
Mathmech,Yohan,66b7b03e2505cc2061b66c9a.text,66b7b03e2505cc2061b66c9a
Voiceless Voice,Atef,66b7b03e2505cc2061b66c9b.text,66b7b03e2505cc2061b66c9b
Vanquish Soul,Hadrian,66b7b642bf9f736c5e492ae4.text,66b7b642bf9f736c5e492ae4
Rescue-ACE,NovaDragon,66b7d76c50e7eeffc672e1a9.text,66b7d76c50e7eeffc672e1a9
Naturia,Outrider,66b7f570ba52ed53566bc8cb.text,66b7f570ba52ed53566bc8cb
Yubel,!YD |WEEBMASTER,66b7fd3aba52ed53566ca74b.text,66b7fd3aba52ed53566ca74b
Kashtira,JokNick,66b80eddb16d937acf9a5474.text,66b80eddb16d937acf9a5474
Ice Barrier,sarah,66b80eddb16d937acf9a5473.text,66b80eddb16d937acf9a5473
Blackwings,Hy9er,66b80eddb16d937acf9a5475.text,66b80eddb16d937acf9a5475
Voiceless Voice,TheHellHamster,66b80eddb16d937acf9a5476.text,66b80eddb16d937acf9a5476
Snake-Eye,Y/A Aztro,66b81c3fc149452798cb51d2.text,66b81c3fc149452798cb51d2
Majespecter,1cY,66b843ff9a036ef038863502.text,66b843ff9a036ef038863502
Yubel,dddlv21,66b843ff9a036ef038863501.text,66b843ff9a036ef038863501
Voiceless Voice,Mu,66b84453f90b8f5a71c701d7.text,66b84453f90b8f5a71c701d7
Floowandereeze,vendanger,66b84453f90b8f5a71c701d6.text,66b84453f90b8f5a71c701d6
Memento,The Mad Walrus,66b84453f90b8f5a71c701d8.text,66b84453f90b8f5a71c701d8
Ghoti,Arcane,66b844edc149452798d005b6.text,66b844edc149452798d005b6
Voiceless Voice,Eric H,66b844edc149452798d005b7.text,66b844edc149452798d005b7
Voiceless Voice,Drew,66b844edc149452798d005b5.text,66b844edc149452798d005b5
Endymion,Shadow Spector,66b84f93898d14315a775e9e.text,66b84f93898d14315a775e9e
Infernoble Knight,Iphonz,66b887bd73fa060515b1763a.text,66b887bd73fa060515b1763a
Stun,Iftarii,66b88800fd57afb29fc3def9.text,66b88800fd57afb29fc3def9
Voiceless Voice,Jan,66b8c1b8eb548af943dc70c7.text,66b8c1b8eb548af943dc70c7
Infernoble Knight,‚òØFelhyphe‚òØ,66b8facccbddb504f5c071a6.text,66b8facccbddb504f5c071a6
Raidraptor,Lolimancer,66b8fb6015e60b39677bff74.text,66b8fb6015e60b39677bff74
Voiceless Voice,mateja,66b8fb6015e60b39677bff73.text,66b8fb6015e60b39677bff73
Nouvelles,pjim,66b8fddcec73d356627eb5be.text,66b8fddcec73d356627eb5be
Ice Barrier,Kaley,66b8ff936db650ed45e15a11.text,66b8ff936db650ed45e15a11
Voiceless Voice,Vayuu,66b939b68e69bee806890a62.text,66b939b68e69bee806890a62
Mathmech,TruePower,66b9534d32c52fffd6d4ef4e.text,66b9534d32c52fffd6d4ef4e
Voiceless Voice,JediTren,66b979460c13842c9948587f.text,66b979460c13842c9948587f
Yubel,Obito Uchiha,66b98baf0f6cfaea57a11891.text,66b98baf0f6cfaea57a11891
Dark Magician,Harpinger,66b99050d65de24bb3e820f7.text,66b99050d65de24bb3e820f7
Yubel,terrencegrey,66b99050d65de24bb3e820f6.text,66b99050d65de24bb3e820f6
Yubel,MG | Enlightened,66b99050d65de24bb3e820f8.text,66b99050d65de24bb3e820f8
Dinos,zShaNKeRz,66b9a20aabf801e82e759391.text,66b9a20aabf801e82e759391
Labrynth,llRodll,66b9a258abf801e82e75a923.text,66b9a258abf801e82e75a923
Runick Spright,NegiMagus,66b9a2e2b109c04c94ebea86.text,66b9a2e2b109c04c94ebea86
Branded,Salzeder,66b9a37845b455a1ca40f4d4.text,66b9a37845b455a1ca40f4d4
Sky Striker,Asp,66b9a402d8c76a71e03daf7b.text,66b9a402d8c76a71e03daf7b
Traptrix,HoroNoRingo,66b9a451d8c76a71e03dc5e0.text,66b9a451d8c76a71e03dc5e0
Tearlaments,(„Å•„ÄÇ ‚óï‚Äø‚Äø‚óï„ÄÇ) „Å• yinpi,66b9a4d3d8c76a71e03de27d.text,66b9a4d3d8c76a71e03de27d
Virtual World,Joakin,66b9a56dabf801e82e762876.text,66b9a56dabf801e82e762876
Traptrix,LockedZzz,66b9db81fef18e7e2ad7f8ec.text,66b9db81fef18e7e2ad7f8ec
Raidraptor,Kazuryo,66b9dbcbfef18e7e2ad80e70.text,66b9dbcbfef18e7e2ad80e70
Vanquish Soul,Shini,66b9dc1cfef18e7e2ad8274a.text,66b9dc1cfef18e7e2ad8274a
Raidraptor,Dark King Yamiferanmi,66ba238558da3fb5e517f4e0.text,66ba238558da3fb5e517f4e0
Voiceless Voice,ugly,66ba2ae5bfd3e5a5d31441a7.text,66ba2ae5bfd3e5a5d31441a7
D/D/D,Taro,66ba2b1f5c078287afdb3801.text,66ba2b1f5c078287afdb3801
Yubel,SlayerDragon,66ba2b1f5c078287afdb3804.text,66ba2b1f5c078287afdb3804
Raidraptor,Yukinon,66ba2b1f5c078287afdb3803.text,66ba2b1f5c078287afdb3803
Rikka,‡∏Å‡∏£‡∏∞‡∏£‡∏≠‡∏Å‡∏à‡∏∞‡∏Å‡∏¥‡∏ô‡πÅ‡∏°‡∏ß‚ô°,66ba2b1f5c078287afdb3802.text,66ba2b1f5c078287afdb3802
Voiceless Voice,Awebringer,66ba2b8ad3f348fc66a7c7b4.text,66ba2b8ad3f348fc66a7c7b4
D/D/D,Taro,66ba2b8ad3f348fc66a7c7b5.text,66ba2b8ad3f348fc66a7c7b5
Yubel,DevilR35,66ba2b8ad3f348fc66a7c7b7.text,66ba2b8ad3f348fc66a7c7b7
Raidraptor,GadgetBug,66ba2b8ad3f348fc66a7c7b6.text,66ba2b8ad3f348fc66a7c7b6
Yubel,DevilR35,66ba2e5f9319b780c389d035.text,66ba2e5f9319b780c389d035
Tearlaments,Skreegon,66ba40fdb88527d39dbcb579.text,66ba40fdb88527d39dbcb579
Rikka,Nevard,66ba4ef6afa7f25bbba9f84e.text,66ba4ef6afa7f25bbba9f84e
Rikka,Specter,66ba7088b78ec5543d589c46.text,66ba7088b78ec5543d589c46
Supreme King,Gowtu99,66ba79bd247ea4eeda365ef5.text,66ba79bd247ea4eeda365ef5
Volcanic,FurySlaughter,66ba79bd247ea4eeda365ef1.text,66ba79bd247ea4eeda365ef1
Horus,Barox,66ba79bd247ea4eeda365ef2.text,66ba79bd247ea4eeda365ef2
Yubel,Kr√§utereule,66ba79bd247ea4eeda365ef3.text,66ba79bd247ea4eeda365ef3
Scareclaw,GreasyGrimester,66ba79bd247ea4eeda365ef4.text,66ba79bd247ea4eeda365ef4
Voiceless Voice,whatever,66ba7a68247ea4eeda3681bf.text,66ba7a68247ea4eeda3681bf
Snake-Eye Fire King,xMirko777x,66ba7a68247ea4eeda3681be.text,66ba7a68247ea4eeda3681be
Warrior Combo,Slayton,66ba966360f89076e51b4333.text,66ba966360f89076e51b4333
Dinos,esccanor,66baae5d2810d37834c095ba.text,66baae5d2810d37834c095ba
Voiceless Voice,starboylj,66babeb677b67740f359d038.text,66babeb677b67740f359d038
Yubel,Bishop_Breloom,66baeabbee33b54673360046.text,66baeabbee33b54673360046
Voiceless Voice,Hamio,66baeb5409ff66061d2ea346.text,66baeb5409ff66061d2ea346
Dinomorphia,lenny,66baeb5409ff66061d2ea341.text,66baeb5409ff66061d2ea341
Ice Barrier,Kylo,66baeb5409ff66061d2ea343.text,66baeb5409ff66061d2ea343
Resonators,ckw81,66baeb5409ff66061d2ea342.text,66baeb5409ff66061d2ea342
Infernoble Knight,Nothiccupcake,66baeb5409ff66061d2ea344.text,66baeb5409ff66061d2ea344
Yubel,Lightning,66baeb5409ff66061d2ea345.text,66baeb5409ff66061d2ea345
Salamangreat,Bellzy,66baf423094b22608d025b53.text,66baf423094b22608d025b53
SPYRAL,RIP,66baf4657780e8ac323d0ae3.text,66baf4657780e8ac323d0ae3
Voiceless Voice,flaners.,66bb08ba09ff66061d320e17.text,66bb08ba09ff66061d320e17
Snake-Eye Fire King,Mordred,66bb09a5006e167cbeb5246e.text,66bb09a5006e167cbeb5246e
Ice Barrier,Kageyami,66bb0a73a1535c82fe31d51d.text,66bb0a73a1535c82fe31d51d
Ghoti,pjim,66bb5475dac1083dfd1e3576.text,66bb5475dac1083dfd1e3576
Stun,maximvhaeren,66bb7076b25b2660a157bf7c.text,66bb7076b25b2660a157bf7c
Swordsoul Tenyi,Áæä(Sheep),66bb76451376f9f95adcc1f1.text,66bb76451376f9f95adcc1f1
Naturia,Pejabat,66bbb00071935b953372feab.text,66bbb00071935b953372feab
Drytron,Dixcal,66bbddf55580a4f8f110e336.text,66bbddf55580a4f8f110e336
Ursarctic,OstrichChild,66bbddf55580a4f8f110e337.text,66bbddf55580a4f8f110e337
Performapal,WengJoe8789,66bbddf55580a4f8f110e338.text,66bbddf55580a4f8f110e338
Kashtira,iWrangleKittens,66bbde6f98c2ec9288aaecbb.text,66bbde6f98c2ec9288aaecbb
Horus,THE Dad,66bbde7098c2ec9288aaecbc.text,66bbde7098c2ec9288aaecbc
Fur Hire,Kae Deer,66bbde7098c2ec9288aaecbd.text,66bbde7098c2ec9288aaecbd
Labrynth,Meety,66bbde7098c2ec9288aaecbe.text,66bbde7098c2ec9288aaecbe
Thunder Dragon,GadgetBug,66bbdee2689b2aade6360cb4.text,66bbdee2689b2aade6360cb4
Raidraptor,Lolimancer,66bbdee2689b2aade6360cb5.text,66bbdee2689b2aade6360cb5
Labrynth,Juless,66bbdee2689b2aade6360cb6.text,66bbdee2689b2aade6360cb6
Mannadium,„Ç§„Ç∂„Éä„ÇÆ I Izanagi,66bbdee2689b2aade6360cb7.text,66bbdee2689b2aade6360cb7
Dinos,Playah,66bc0d40c448f537ba00d881.text,66bc0d40c448f537ba00d881
Tearlaments,bedorocksf,66bc0d40c448f537ba00d884.text,66bc0d40c448f537ba00d884
Voiceless Voice,Toush,66bc0d40c448f537ba00d883.text,66bc0d40c448f537ba00d883
Stun,Thunderlight8,66bc0d40c448f537ba00d882.text,66bc0d40c448f537ba00d882
Centur-Ion,Noobboy,66bc188fb4f953f910ed1c15.text,66bc188fb4f953f910ed1c15
Yubel,‚úßArlecchino‚úßLily,66bc350b67bea4e93429f849.text,66bc350b67bea4e93429f849
Chimera,Silento,66bc350b67bea4e93429f848.text,66bc350b67bea4e93429f848
Labrynth,Juless,66bc357467bea4e9342a11bf.text,66bc357467bea4e9342a11bf
Dinomorphia,lenny,66bc357467bea4e9342a11bd.text,66bc357467bea4e9342a11bd
Voiceless Voice,NightPrimrose,66bc357467bea4e9342a11be.text,66bc357467bea4e9342a11be
Scareclaw,GreasyGrimester,66bc357467bea4e9342a11c0.text,66bc357467bea4e9342a11c0
Mannadium,Noobboy,66bc361e9286af4f77a61589.text,66bc361e9286af4f77a61589
Labrynth,Meety,66bc361e9286af4f77a61588.text,66bc361e9286af4f77a61588
Vanquish Soul,Shini,66bc361e9286af4f77a6158a.text,66bc361e9286af4f77a6158a
Tearlaments,Ko≈°utka,66bc7b5d22466e7d76520ca5.text,66bc7b5d22466e7d76520ca5
Ice Barrier,person,66bc7bc75159ddcb2a846207.text,66bc7bc75159ddcb2a846207
Runick Spright,Shevuc,66bc7c6a389fa5565cbf157c.text,66bc7c6a389fa5565cbf157c
Sky Striker,Highwing,66bc7cfb22466e7d76523fe2.text,66bc7cfb22466e7d76523fe2
Voiceless Voice,sylfh,66bc7d8bc446e5f0293cb9f4.text,66bc7d8bc446e5f0293cb9f4
Mekk-Knight Crusadia,Cydver,66bcb1ef2066344c0fefc14f.text,66bcb1ef2066344c0fefc14f
Voiceless Voice,ClownNvRCry,66bcde280f64e99ecc595800.text,66bcde280f64e99ecc595800
Phantom Knights,Tamago,66bcde280f64e99ecc595801.text,66bcde280f64e99ecc595801
Yubel,eiznerf,66bcde280f64e99ecc595802.text,66bcde280f64e99ecc595802
Bystial Runick,Aero,66bcde280f64e99ecc5957ff.text,66bcde280f64e99ecc5957ff
Dinomorphia,The Riva,66bce12a361bfdd5aa31e2fc.text,66bce12a361bfdd5aa31e2fc
Stun,pretends2know,66bce4bd0f64e99ecc5a2d76.text,66bce4bd0f64e99ecc5a2d76
Kashtira,dominick,66bce4fa44ed50f804774e6c.text,66bce4fa44ed50f804774e6c
Vanquish Soul,MrAndAlf,66bd05b25dda37e56ded7be3.text,66bd05b25dda37e56ded7be3
Branded,Darius,66bd0af95209c4f8343e0f58.text,66bd0af95209c4f8343e0f58
Spright,NextQuestion,66bd0af95209c4f8343e0f57.text,66bd0af95209c4f8343e0f57
Labrynth,season,66bd1b04ce3d96500ac49c33.text,66bd1b04ce3d96500ac49c33
Vanquish Soul,Shiroitsuki,66bd1b51ce3d96500ac4b038.text,66bd1b51ce3d96500ac4b038
Galaxy Photon,Kanimize,66bd1c51fde6937d96242f5a.text,66bd1c51fde6937d96242f5a
Tearlaments,med,66bd3fbc7a176f186ab8d523.text,66bd3fbc7a176f186ab8d523
Tearlaments,Jonatico,66bd475b7a176f186ab9b7cd.text,66bd475b7a176f186ab9b7cd
Chimera,nbee,66bd4aeb94beaa3e7dc04981.text,66bd4aeb94beaa3e7dc04981
Raidraptor,pretends2know,66bd4aeb94beaa3e7dc04982.text,66bd4aeb94beaa3e7dc04982
Yubel,PoisonRose,66bd4c4a1ff0478e2472d2d6.text,66bd4c4a1ff0478e2472d2d6
Ice Barrier,M√©abhy,66bd4c4b1ff0478e2472d2d7.text,66bd4c4b1ff0478e2472d2d7
Ice Barrier,Angine,66bd8be7ca724ef782e3acc9.text,66bd8be7ca724ef782e3acc9
Phantasm Spiral,iTrevorAllen,66bd8be7ca724ef782e3acca.text,66bd8be7ca724ef782e3acca
Voiceless Voice,Mscizor,66bd8c40ca724ef782e3c644.text,66bd8c40ca724ef782e3c644
Yubel,theamatuer,66bd8c40ca724ef782e3c645.text,66bd8c40ca724ef782e3c645
Resonators,Dess,66bd8c9c41ff9d07a927e019.text,66bd8c9c41ff9d07a927e019
Crystal Beast,Proma,66bd8c9c41ff9d07a927e01a.text,66bd8c9c41ff9d07a927e01a
Ice Barrier,NonamedPleb,66bd8c9c41ff9d07a927e01b.text,66bd8c9c41ff9d07a927e01b
Lunalight,KiTe - Pandemonium,66bd9ae9cb088083103407ca.text,66bd9ae9cb088083103407ca
Centur-Ion,charizap,66bd9b4f3d62d3210fc378a9.text,66bd9b4f3d62d3210fc378a9
Rikka,Audina_Puzzle,66bd9b8e3d62d3210fc38c87.text,66bd9b8e3d62d3210fc38c87
Floowandereeze,Mr.Darus,66bda05a41ff9d07a92a6c69.text,66bda05a41ff9d07a92a6c69
Floowandereeze,Smitejr,66bda09241ff9d07a92a7eb1.text,66bda09241ff9d07a92a7eb1
Ice Barrier,JackTorrance,66bda0ce41ff9d07a92a9342.text,66bda0ce41ff9d07a92a9342
HEROs,Gustavson1,66bda10241ff9d07a92aa585.text,66bda10241ff9d07a92aa585
Ghoti,QuirkyEar,66bda13f41ff9d07a92ab9f9.text,66bda13f41ff9d07a92ab9f9
Ghoti,EdwinAW_14,66bda1ae41ff9d07a92acf7d.text,66bda1ae41ff9d07a92acf7d
Stun,vejeya,66bdc6435f171f932144ac33.text,66bdc6435f171f932144ac33
Ice Barrier,flaners.,66bdc6d14ad32d01c9d85b53.text,66bdc6d14ad32d01c9d85b53
Majespecter,Minearm,66bdc7839b73ac19f46e6907.text,66bdc7839b73ac19f46e6907
Icejade,Claymizer,66bdc7f99b73ac19f46e80e1.text,66bdc7f99b73ac19f46e80e1
Ice Barrier,Angelo101,66bdc8aa9b73ac19f46e9e41.text,66bdc8aa9b73ac19f46e9e41
Marincess,Toxic,66bdc9c35f171f93214516ef.text,66bdc9c35f171f93214516ef
Sky Striker,Smol,66bdcad1f597e59b7b9d7c20.text,66bdcad1f597e59b7b9d7c20
Floowandereeze,Sleepy Memory,66bdcbbd4ad32d01c9d8df5a.text,66bdcbbd4ad32d01c9d8df5a
Marincess,Drew,66bdcd263b99c063d8825016.text,66bdcd263b99c063d8825016
Marincess,Fer ‚ú∞,66bdce043b99c063d88271e8.text,66bdce043b99c063d88271e8
Floowandereeze,Sandbagimon,66bdcf0c3b99c063d88299c7.text,66bdcf0c3b99c063d88299c7
Phantasm Spiral,Yagyuu Yuujou,66bdd0833b99c063d882d025.text,66bdd0833b99c063d882d025
Ice Barrier,Arnastria,66bdd247f3145d2facacb60a.text,66bdd247f3145d2facacb60a
Shark,Salamangreatest,66bdd333fd0e3f1a70bb9245.text,66bdd333fd0e3f1a70bb9245
Floowandereeze,KosmannewO,66bdd43d4ad32d01c9d9dd9e.text,66bdd43d4ad32d01c9d9dd9e
Floowandereeze,whatever,66bde7d1c0be3dc88adf253e.text,66bde7d1c0be3dc88adf253e
Marincess,Seeks,66bde9d28ec07f75b0270a12.text,66bde9d28ec07f75b0270a12
Paleozoic,Arse,66bdec3bd4b73bec0af83ce4.text,66bdec3bd4b73bec0af83ce4
Speedroid,Tenpai dragon zhongdora,66bdeeb971990d3301b0bd58.text,66bdeeb971990d3301b0bd58
Ice Barrier,cen,66bdf47f71990d3301b17fb2.text,66bdf47f71990d3301b17fb2
Ghoti,Elypse201,66bdfcd0e46e33e3e5a64b93.text,66bdfcd0e46e33e3e5a64b93
Armed Dragon,Raitachi,66bdfe058c4d7b6261e4acec.text,66bdfe058c4d7b6261e4acec
Rikka,Kanzaki,66be0166ad8fbf065443e086.text,66be0166ad8fbf065443e086
Phantasm Spiral,Esquivar,66be04e10d40ef6c405ef389.text,66be04e10d40ef6c405ef389
Marincess,MrVeritas,66be06d48c4d7b6261e5f72e.text,66be06d48c4d7b6261e5f72e
Ancient Warriors,Synchroun,66be0ddc159176c2ec922a39.text,66be0ddc159176c2ec922a39
Ice Barrier,Cesetci,66be0ddc159176c2ec922a38.text,66be0ddc159176c2ec922a38
Shark,Reijus,66be1858a05a4c092b5b2cd2.text,66be1858a05a4c092b5b2cd2
Marincess,RealmHeart,66be1858a05a4c092b5b2cd1.text,66be1858a05a4c092b5b2cd1
Voiceless Voice,aagrippa,66be23f6ee2a4e3c811b419a.text,66be23f6ee2a4e3c811b419a
Voiceless Voice,NightPrimrose,66be2af565664c271da29673.text,66be2af565664c271da29673
Code Talker,lifepointaker,66be3f522b2c13f6e3ccf683.text,66be3f522b2c13f6e3ccf683
Evil Eye,0937,66be3f522b2c13f6e3ccf684.text,66be3f522b2c13f6e3ccf684
Infernoble Knight,Cluckalor,66be5d5282416c8ca8b677d6.text,66be5d5282416c8ca8b677d6
Ice Barrier,jAsh?!,66be7d120225693f73fcd9cd.text,66be7d120225693f73fcd9cd
Voiceless Voice,UBz,66beac9067ea47ded4ebd03b.text,66beac9067ea47ded4ebd03b
Centur-Ion,speedwagon,66bece7247034c37be807f7b.text,66bece7247034c37be807f7b
Dark Magician,ValuableTips,66bece7247034c37be807f7a.text,66bece7247034c37be807f7a
Voiceless Voice,Neo Zeed,66bece7247034c37be807f7c.text,66bece7247034c37be807f7c
Floowandereeze,Gustavo Heringer,66becf19fe6df1efc6594f8a.text,66becf19fe6df1efc6594f8a
Lunalight,josemquiroz,66becf19fe6df1efc6594f87.text,66becf19fe6df1efc6594f87
Snake-Eye Fire King,Denliner,66becf19fe6df1efc6594f88.text,66becf19fe6df1efc6594f88
Voiceless Voice,Kirex,66becf19fe6df1efc6594f89.text,66becf19fe6df1efc6594f89
Ice Barrier,burlappap,66becf690af492099bd3b72c.text,66becf690af492099bd3b72c
Vanquish Soul,Reijus,66becf690af492099bd3b72d.text,66becf690af492099bd3b72d
Bystial Runick,AndreaBezio,66becfc90af492099bd3cf8d.text,66becfc90af492099bd3cf8d
Snake-Eye Fire King,Valdo,66becfc90af492099bd3cf8c.text,66becfc90af492099bd3cf8c
Ice Barrier,Solid State Survivor,66bed017fe6df1efc6597ba4.text,66bed017fe6df1efc6597ba4
Yubel,Highwind,66bed017fe6df1efc6597ba5.text,66bed017fe6df1efc6597ba5
Endymion,ZayneJim,66bed017fe6df1efc6597ba3.text,66bed017fe6df1efc6597ba3
Floowandereeze,dvelshnef,66bed063fe6df1efc6599021.text,66bed063fe6df1efc6599021
Penguin,Shira,66bed063fe6df1efc6599020.text,66bed063fe6df1efc6599020
Rikka,Blackwing17,66bed063fe6df1efc6599023.text,66bed063fe6df1efc6599023
True Draco,Hermit,66bed063fe6df1efc6599022.text,66bed063fe6df1efc6599022
Marincess,Darius,66bed0cd47034c37be80dfcc.text,66bed0cd47034c37be80dfcc
Trap Monsters,Archimo,66bed0cd47034c37be80dfcf.text,66bed0cd47034c37be80dfcf
Ice Barrier,Weefiii,66bed0cd47034c37be80dfcd.text,66bed0cd47034c37be80dfcd
Ice Barrier,scme,66bed0cd47034c37be80dfce.text,66bed0cd47034c37be80dfce
Speedroid,qunnah,66bed0cd47034c37be80dfcb.text,66bed0cd47034c37be80dfcb
Rikka,Lyrog,66bed13e3d373f8a8086bc7e.text,66bed13e3d373f8a8086bc7e
Phantasm Spiral,Cyhyryth,66bed13e3d373f8a8086bc81.text,66bed13e3d373f8a8086bc81
Lyrilusc,MNMmythical,66bed13e3d373f8a8086bc80.text,66bed13e3d373f8a8086bc80
Ursarctic,athos,66bed13e3d373f8a8086bc82.text,66bed13e3d373f8a8086bc82
Virtual World,jerry05402,66bed13e3d373f8a8086bc7f.text,66bed13e3d373f8a8086bc7f
Rikka,makimada,66bed13e3d373f8a8086bc83.text,66bed13e3d373f8a8086bc83
Majespecter,Albert,66bed1e7ee7f55a372d11176.text,66bed1e7ee7f55a372d11176
Ursarctic,TruePower,66bed1e7ee7f55a372d11177.text,66bed1e7ee7f55a372d11177
Umi Control,grave-ts5270,66bed1e7ee7f55a372d11175.text,66bed1e7ee7f55a372d11175
Ice Barrier,ShaneVonShane,66bed1e7ee7f55a372d11178.text,66bed1e7ee7f55a372d11178
Rikka,Feeb,66bed1e7ee7f55a372d11179.text,66bed1e7ee7f55a372d11179
Rikka,anh,66bed271db3b976e18dcf82a.text,66bed271db3b976e18dcf82a
Paleozoic,Al√°n,66bed271db3b976e18dcf82c.text,66bed271db3b976e18dcf82c
Floowandereeze,GalaxiComic,66bed271db3b976e18dcf82d.text,66bed271db3b976e18dcf82d
Marincess,OstrichChild,66bed271db3b976e18dcf829.text,66bed271db3b976e18dcf829
Shark,Grisolent,66bed271db3b976e18dcf82e.text,66bed271db3b976e18dcf82e
Floowandereeze,Kurumii,66bed271db3b976e18dcf82b.text,66bed271db3b976e18dcf82b
Ghoti,Slayton,66bed271db3b976e18dcf82f.text,66bed271db3b976e18dcf82f
Marincess,Masteraga,66bed2c2db3b976e18dd0b3b.text,66bed2c2db3b976e18dd0b3b
Majespecter,TheShapestofSnatches,66bed2c2db3b976e18dd0b3c.text,66bed2c2db3b976e18dd0b3c
Dragunity Dragonmaid,Pyzlnar,66bed2c2db3b976e18dd0b3e.text,66bed2c2db3b976e18dd0b3e
Lyrilusc,V9N3SS9,66bed2c2db3b976e18dd0b3a.text,66bed2c2db3b976e18dd0b3a
Marincess,Esoteric,66bed2c2db3b976e18dd0b3d.text,66bed2c2db3b976e18dd0b3d
Majespecter,Oxitono,66bed2c2db3b976e18dd0b3f.text,66bed2c2db3b976e18dd0b3f
Ice Barrier,GeneralBobo,66bed33bfe6df1efc659e675.text,66bed33bfe6df1efc659e675
Ice Barrier,goopstack,66bed33bfe6df1efc659e674.text,66bed33bfe6df1efc659e674
Speedroid,Quariongandrax,66bed33bfe6df1efc659e671.text,66bed33bfe6df1efc659e671
Paleozoic,Greenreimu,66bed33bfe6df1efc659e672.text,66bed33bfe6df1efc659e672
Windwitch,Blake,66bed33bfe6df1efc659e673.text,66bed33bfe6df1efc659e673
Shark,Ultimatesd,66bed9b20af492099bd4eb58.text,66bed9b20af492099bd4eb58
Shark,shapular,66bed9b20af492099bd4eb5a.text,66bed9b20af492099bd4eb5a
Phantasm Spiral,Muzi,66bed9b20af492099bd4eb5b.text,66bed9b20af492099bd4eb5b
Floowandereeze,Dulie,66bed9b20af492099bd4eb59.text,66bed9b20af492099bd4eb59
Snake-Eye Fire King,Slabador,66bedacdfe630b5eedb2c241.text,66bedacdfe630b5eedb2c241
Majespecter,TimoKitsune,66bedafefe630b5eedb2d413.text,66bedafefe630b5eedb2d413
Paleozoic,iJuno,66bee7980225f6ab182363ca.text,66bee7980225f6ab182363ca
Floowandereeze,Neonjavier,66bee8bf7230d6e771672882.text,66bee8bf7230d6e771672882
Icejade,Nickless,66bef2d0331dc4cf9816374e.text,66bef2d0331dc4cf9816374e
Floowandereeze,Mr. X0007,66bef3c6331dc4cf981653f7.text,66bef3c6331dc4cf981653f7
Paleozoic,Pogrume,66bef61d47034c37be84d33d.text,66bef61d47034c37be84d33d
Floowandereeze,#ÔºóÔºïÔºî ùôïùôäùôçùôäùòºùôçùôÜ,66befbe547034c37be85a8c3.text,66befbe547034c37be85a8c3
SPYRAL,saintie,66beffbf47034c37be8628d8.text,66beffbf47034c37be8628d8
Resonators,‚òØFelhyphe‚òØ,66bf00a2770c4e062cdb76d4.text,66bf00a2770c4e062cdb76d4
Purrely,ThomasGraduated2020,66bf0ffd770c4e062cdda8a9.text,66bf0ffd770c4e062cdda8a9
Phantasm Spiral,‡∏Å‡∏£‡∏∞‡∏£‡∏≠‡∏Å‡∏à‡∏∞‡∏Å‡∏¥‡∏ô‡πÅ‡∏°‡∏ß‚ô°,66bf1052770c4e062cddc0e8.text,66bf1052770c4e062cddc0e8
Speedroid,Toasty_Dubstep,66bf115293ef4e73a0bd4b4c.text,66bf115293ef4e73a0bd4b4c
Blind Second,mayora13,66bf25dea8069160c6ce92cc.text,66bf25dea8069160c6ce92cc
Paleozoic,HoroNoRingo,66bf2731ede2ef7405f3dc7e.text,66bf2731ede2ef7405f3dc7e
Zoodiac,kenn¬•,66bf28fa0ba6cb58adb9e0ff.text,66bf28fa0ba6cb58adb9e0ff
Labrynth,Pogrume,66bf32f6d82ba019eef1bd13.text,66bf32f6d82ba019eef1bd13
Centur-Ion,Ê∂õÊ∂õÈîüÈîüBILIBILI,66bf34584cf08b2f6b7091b3.text,66bf34584cf08b2f6b7091b3
Ice Barrier,Atlen,66bf35847823ff9d487d85ed.text,66bf35847823ff9d487d85ed
Endymion,Sergio,66bf3c08d82ba019eef2d926.text,66bf3c08d82ba019eef2d926
Branded,Imperm,66bf3ef2b55aa0d20ba7df7e.text,66bf3ef2b55aa0d20ba7df7e
Floowandereeze,really bad meme,66bf411fb15434169cf43cc3.text,66bf411fb15434169cf43cc3
Stun,Thunderlight8,66bf4ae522a81f519d384001.text,66bf4ae522a81f519d384001
Plunder Patroll,Onibushou,66bf4cf46951657fec74b79a.text,66bf4cf46951657fec74b79a
Marincess,Beast Mode B,66bf4f148c3d267b7d9c0594.text,66bf4f148c3d267b7d9c0594
Gishki,spudd_dud,66bf4f148c3d267b7d9c0593.text,66bf4f148c3d267b7d9c0593
Ice Barrier,xMirko777x,66bf524d22a81f519d392f5c.text,66bf524d22a81f519d392f5c
Lyrilusc,fmproductions,66bf524d22a81f519d392f5b.text,66bf524d22a81f519d392f5b
Paleozoic,NonamedPleb,66bf63158c3d267b7d9e90d3.text,66bf63158c3d267b7d9e90d3
Majespecter,GadgetBug,66bf63158c3d267b7d9e90d4.text,66bf63158c3d267b7d9e90d4
Yubel,CheckThisOut,66bf63b13b792d9aa3606f0c.text,66bf63b13b792d9aa3606f0c
Rescue-ACE,TypicalArsenal,66bf8019ae1c24cb28d62410.text,66bf8019ae1c24cb28d62410
Spright,rateapple,66bf8179ae1c24cb28d65c40.text,66bf8179ae1c24cb28d65c40
Purrely,JSol/‚àÜ,66bf82c33b792d9aa364aa42.text,66bf82c33b792d9aa364aa42
Penguin,Albion Online,66bf846fa9b0908fa1126d03.text,66bf846fa9b0908fa1126d03
Ursarctic,Tenpai dragon zhongdora,66bf88b9ae1c24cb28d73d19.text,66bf88b9ae1c24cb28d73d19
Ice Barrier,luchomi,66bf88b9ae1c24cb28d73d1a.text,66bf88b9ae1c24cb28d73d1a
Speedroid,hykzqwmx,66bf88b9ae1c24cb28d73d1b.text,66bf88b9ae1c24cb28d73d1b
Rikka,Ka‚ÄôJin,66bf88b9ae1c24cb28d73d1c.text,66bf88b9ae1c24cb28d73d1c
Paleozoic,Wotan,66bf88b9ae1c24cb28d73d1d.text,66bf88b9ae1c24cb28d73d1d
Ghoti,Deepsea Darew,66bf88b9ae1c24cb28d73d1e.text,66bf88b9ae1c24cb28d73d1e
Gusto,qunnah,66bf88b9ae1c24cb28d73d1f.text,66bf88b9ae1c24cb28d73d1f
Ghoti,Tidal,66bf88b9ae1c24cb28d73d20.text,66bf88b9ae1c24cb28d73d20
Phantasm Spiral,fylliphh,66bf88b9ae1c24cb28d73d21.text,66bf88b9ae1c24cb28d73d21
Vaalmonica,seto27308,66bfaec458be5599caef04f9.text,66bfaec458be5599caef04f9
Infernoble Knight,fmproductions,66bfaf9557174cf35c779fe5.text,66bfaf9557174cf35c779fe5
Stun,Joey,66bfaf9557174cf35c779fe6.text,66bfaf9557174cf35c779fe6
Marincess,Kanzaki,66bfafde57174cf35c77b320.text,66bfafde57174cf35c77b320
Ghoti,chrislordx,66bfafde57174cf35c77b321.text,66bfafde57174cf35c77b321
Burn,KnightQuack,66bfafde57174cf35c77b322.text,66bfafde57174cf35c77b322
Ritual Beasts,Azzurri,66bfafde57174cf35c77b323.text,66bfafde57174cf35c77b323
Voiceless Voice,Mr.Darus,66bffbbe93bbc2a58aab308f.text,66bffbbe93bbc2a58aab308f
Pendulum Magician,Adagio,66bffbbe93bbc2a58aab3090.text,66bffbbe93bbc2a58aab3090
Runick Spright,Alertic,66bffc10ed89f297706dae26.text,66bffc10ed89f297706dae26
Resonators,Ben Sh0w,66bffc10ed89f297706dae27.text,66bffc10ed89f297706dae27
Gishki,Dj Darr,66bffd3bf4ac318c551826e5.text,66bffd3bf4ac318c551826e5
Ice Barrier,Jheneveve,66bffd3bf4ac318c551826e6.text,66bffd3bf4ac318c551826e6
Majespecter,Bishop_Breloom,66bffd3cf4ac318c551826e7.text,66bffd3cf4ac318c551826e7
Phantasm Spiral,grifjo06,66bffd3cf4ac318c551826e8.text,66bffd3cf4ac318c551826e8
Majespecter,Beast Mode B,66bffe0793bbc2a58aab7afc.text,66bffe0793bbc2a58aab7afc
Floowandereeze,„É©„Ç§,66bffe0893bbc2a58aab7afd.text,66bffe0893bbc2a58aab7afd
Majespecter,quickpy01,66bffe0893bbc2a58aab7afe.text,66bffe0893bbc2a58aab7afe
@Ignister,biggiecheese707,66c030ee6aacf693090f1dfa.text,66c030ee6aacf693090f1dfa
Ogdoadic,Drew,66c0325289008bf037315b8f.text,66c0325289008bf037315b8f
Shark,supreme king this cat,66c032d96aacf693090f63d0.text,66c032d96aacf693090f63d0
Windwitch,zzxcustard,66c032d96aacf693090f63d1.text,66c032d96aacf693090f63d1
Ursarctic,Mu,66c032d96aacf693090f63d2.text,66c032d96aacf693090f63d2
Floowandereeze,kloyzther,66c032d96aacf693090f63d3.text,66c032d96aacf693090f63d3
Lyrilusc,The Letter J,66c032d96aacf693090f63d4.text,66c032d96aacf693090f63d4
Yubel,MarffyBlast,66c0b4631f49e009afe1b923.text,66c0b4631f49e009afe1b923
Memento,„É´„Éº„Éà(root),66c0b4918616fcba715447a5.text,66c0b4918616fcba715447a5
Phantasm Spiral,maximvhaeren,66c0bae9f09caba1e94afd77.text,66c0bae9f09caba1e94afd77
Yosenju,rmk,66c0bae9f09caba1e94afd78.text,66c0bae9f09caba1e94afd78
Ice Barrier,Minearm,66c0bae9f09caba1e94afd79.text,66c0bae9f09caba1e94afd79
Yubel,Steak,66c0bb2f1264aba1bdbfc5d0.text,66c0bb2f1264aba1bdbfc5d0
Voiceless Voice,Pancha,66c0bb2f1264aba1bdbfc5d1.text,66c0bb2f1264aba1bdbfc5d1
Voiceless Voice,Yuuki ÂãáÈ®é,66c0bb2f1264aba1bdbfc5d2.text,66c0bb2f1264aba1bdbfc5d2
Purrely,ropesnake,66c0bb9b1264aba1bdbfe1e4.text,66c0bb9b1264aba1bdbfe1e4
Voiceless Voice,ANNA__MAN,66c0bb9b1264aba1bdbfe1e5.text,66c0bb9b1264aba1bdbfe1e5
Stun,Esquivar,66c0bb9b1264aba1bdbfe1e6.text,66c0bb9b1264aba1bdbfe1e6
Snake-Eye Fire King,ËêùÂçúcarrot,66c0bb9b1264aba1bdbfe1e7.text,66c0bb9b1264aba1bdbfe1e7
Majespecter,WhoIsShyShen,66c0bbe61264aba1bdbff9e6.text,66c0bbe61264aba1bdbff9e6
Floowandereeze,RonaldReagan,66c0bbe61264aba1bdbff9e7.text,66c0bbe61264aba1bdbff9e7
Icejade,Kuxeii,66c0bbe61264aba1bdbff9e8.text,66c0bbe61264aba1bdbff9e8
Superheavy Samurai,Oishii,66c0bc81c1699c733d05ca6d.text,66c0bc81c1699c733d05ca6d
Yubel,zach_5art5,66c0bd335ce1a904d325f221.text,66c0bd335ce1a904d325f221
Yubel,ShinigamiChaser,66c0da32662cf54997fe97f7.text,66c0da32662cf54997fe97f7
Swordsoul Tenyi,Shulüíû,66c0da67efcb2cd1541ec319.text,66c0da67efcb2cd1541ec319
Stardust Bystial,mainl√§nder,66c0e4e7bdc069533214c8ee.text,66c0e4e7bdc069533214c8ee
Yosenju,Rnck O,66c0eac0bdc0695332156c98.text,66c0eac0bdc0695332156c98
Ice Barrier,Zacsby,66c0eac0bdc0695332156c99.text,66c0eac0bdc0695332156c99
Ghoti,Finnished,66c10c25de7c54ef2094693b.text,66c10c25de7c54ef2094693b
Unchained,Dime,66c10c25de7c54ef2094693c.text,66c10c25de7c54ef2094693c
Centur-Ion,Rakudai,66c128b94eaaedf6e4d7783f.text,66c128b94eaaedf6e4d7783f
Ice Barrier,888Mega,66c128b94eaaedf6e4d77840.text,66c128b94eaaedf6e4d77840
HEROs,OmniReborn24,66c128b94eaaedf6e4d77841.text,66c128b94eaaedf6e4d77841
Floowandereeze,RonaldReagan,66c128b94eaaedf6e4d77842.text,66c128b94eaaedf6e4d77842
Stun,gesalt,66c12932471a9ebbf71a6fd6.text,66c12932471a9ebbf71a6fd6
Voiceless Voice,DavisMoore,66c12932471a9ebbf71a6fd7.text,66c12932471a9ebbf71a6fd7
Yubel,The Mute,66c12932471a9ebbf71a6fd8.text,66c12932471a9ebbf71a6fd8
Branded,aShyeera,66c12932471a9ebbf71a6fd9.text,66c12932471a9ebbf71a6fd9
Majespecter,DoReMikori,66c1474ad163ba2acbffe81e.text,66c1474ad163ba2acbffe81e
Yubel,AbdUllah,66c156ac3bfbe3bd06dc52a5.text,66c156ac3bfbe3bd06dc52a5
Ice Barrier,jaybugkit,66c15828c1c41e212fbc0de8.text,66c15828c1c41e212fbc0de8
Mikanko,Takafumi,66c15828c1c41e212fbc0de9.text,66c15828c1c41e212fbc0de9
Icejade,Drewkallos,66c15828c1c41e212fbc0dea.text,66c15828c1c41e212fbc0dea
Ghoti,Swamplord,66c15965ba3d97a4d8c5756c.text,66c15965ba3d97a4d8c5756c
Majespecter,True Calamities,66c15965ba3d97a4d8c5756d.text,66c15965ba3d97a4d8c5756d
Marincess,Otakuma,66c15965ba3d97a4d8c5756e.text,66c15965ba3d97a4d8c5756e
Majespecter,heiituaku,66c15a5d1c7db8e9705b3b06.text,66c15a5d1c7db8e9705b3b06
Ghoti,Kataphrut94,66c15a5d1c7db8e9705b3b07.text,66c15a5d1c7db8e9705b3b07
Speedroid Windwitch,Jvno,66c15a5d1c7db8e9705b3b08.text,66c15a5d1c7db8e9705b3b08
Icejade,DoReMikori,66c15a5d1c7db8e9705b3b09.text,66c15a5d1c7db8e9705b3b09
Dragon Link,BlueFireFox,66c17ed7d7b473b9e863f8c5.text,66c17ed7d7b473b9e863f8c5
Unchained,yagamiken,66c17ed7d7b473b9e863f8c6.text,66c17ed7d7b473b9e863f8c6
Voiceless Voice,Yuuki ÂãáÈ®é,66c17ed7d7b473b9e863f8c7.text,66c17ed7d7b473b9e863f8c7
HEROs,OmniReborn24,66c17f19d7b473b9e8640b47.text,66c17f19d7b473b9e8640b47
Voiceless Voice,CosmicCat,66c17f19d7b473b9e8640b48.text,66c17f19d7b473b9e8640b48
Galaxy Photon,Kanimize,66c17f19d7b473b9e8640b49.text,66c17f19d7b473b9e8640b49
Yubel,Kartoshka,66c17f4d94f3c4671773ff60.text,66c17f4d94f3c4671773ff60
Floowandereeze,RonaldReagan,66c17f4d94f3c4671773ff61.text,66c17f4d94f3c4671773ff61
Ice Barrier,Schwi 02,66c1fd65adbb3e94038629f4.text,66c1fd65adbb3e94038629f4
@Ignister,Senses,66c1fe791e1865869f3ac84e.text,66c1fe791e1865869f3ac84e
Yubel,THE PRO,66c1fe791e1865869f3ac84f.text,66c1fe791e1865869f3ac84f
Branded,Dragnoud,66c1ff7badbb3e94038677ed.text,66c1ff7badbb3e94038677ed
Ice Barrier,·≤º·≤º,66c229cc55b9162878b1f59f.text,66c229cc55b9162878b1f59f
Burn,TruePower,66c229cc55b9162878b1f5a0.text,66c229cc55b9162878b1f5a0
Marincess,Sofke,66c229cc55b9162878b1f5a1.text,66c229cc55b9162878b1f5a1
Gishki,thefroggo,66c229cc55b9162878b1f5a2.text,66c229cc55b9162878b1f5a2
Paleozoic,Sergay,66c229cc55b9162878b1f5a3.text,66c229cc55b9162878b1f5a3
Phantasm Spiral,sarracenia,66c229cc55b9162878b1f5a4.text,66c229cc55b9162878b1f5a4
3-Axis,iNZane_23 YT,66c229cc55b9162878b1f5a5.text,66c229cc55b9162878b1f5a5
Lyrilusc,S ömi…ûtik ö…û,66c229cc55b9162878b1f5a6.text,66c229cc55b9162878b1f5a6
Floowandereeze,Thrillington,66c229cc55b9162878b1f5a7.text,66c229cc55b9162878b1f5a7
Speedroid,9ArtsDragoon,66c229cc55b9162878b1f5a8.text,66c229cc55b9162878b1f5a8
Tearlaments,n,66c23b93cee9c37f17d193ab.text,66c23b93cee9c37f17d193ab
Speedroid,Dunk,66c23b93cee9c37f17d193ac.text,66c23b93cee9c37f17d193ac
Branded,VincentMo,66c23c8b4d46e7b69e360e43.text,66c23c8b4d46e7b69e360e43
Raidraptor,Lolimancer,66c23cce4d46e7b69e362247.text,66c23cce4d46e7b69e362247
Voiceless Voice,Dragnoud,66c23cce4d46e7b69e362248.text,66c23cce4d46e7b69e362248
Bystial Runick,Arrhenius,66c247cc3d85a10d27e22f65.text,66c247cc3d85a10d27e22f65
Yubel,Douma,66c248103d85a10d27e245f8.text,66c248103d85a10d27e245f8
Shark,BildSlash,66c248583d85a10d27e25f64.text,66c248583d85a10d27e25f64
Ghoti,Acuados,66c248583d85a10d27e25f65.text,66c248583d85a10d27e25f65
Ghoti,Gecko-chan,66c248583d85a10d27e25f66.text,66c248583d85a10d27e25f66
Centur-Ion,shadowo,66c2530c5608bcd9f13a7a4b.text,66c2530c5608bcd9f13a7a4b
Ninja,SoCalledAnte,66c268ca1b3b266639a89057.text,66c268ca1b3b266639a89057
Tearlaments,Aegis,66c2746c930825deb9dee457.text,66c2746c930825deb9dee457
Tearlaments,Nick,66c28be080c9a37552f356a3.text,66c28be080c9a37552f356a3
Stun,maximvhaeren,66c2bbcea48024ee285f1416.text,66c2bbcea48024ee285f1416
Tearlaments,Bear!,66c2bbcea48024ee285f1415.text,66c2bbcea48024ee285f1415
Tearlaments,! Sessho,66c3351b5da5dbb67dd51a4c.text,66c3351b5da5dbb67dd51a4c
Icejade,Deztacular,66c3351b5da5dbb67dd51a4e.text,66c3351b5da5dbb67dd51a4e
Ice Barrier,Denny,66c3351b5da5dbb67dd51a4d.text,66c3351b5da5dbb67dd51a4d
HEROs,EmirPhoenix,66c3462c1944cf5661dfa223.text,66c3462c1944cf5661dfa223
Raidraptor,unclecdas,66c34d1433b593fc25d29a0d.text,66c34d1433b593fc25d29a0d
Endymion,Shadow Spector,66c34daaac7b7aa30151bcac.text,66c34daaac7b7aa30151bcac
Mikanko,·≤º,66c34daaac7b7aa30151bcad.text,66c34daaac7b7aa30151bcad
Ice Barrier,Dawning,66c34e730bf9dfbac90158f6.text,66c34e730bf9dfbac90158f6
Floowandereeze,funkyfresh,66c34e730bf9dfbac90158f5.text,66c34e730bf9dfbac90158f5
Penguin,koni,66c34e730bf9dfbac90158f7.text,66c34e730bf9dfbac90158f7
Lyrilusc,Bin,66c34e730bf9dfbac90158f4.text,66c34e730bf9dfbac90158f4
Paleozoic,ugly,66c34e730bf9dfbac90158f8.text,66c34e730bf9dfbac90158f8
Shark,KingpinFox,66c34f1b0bf9dfbac90174ed.text,66c34f1b0bf9dfbac90174ed
Paleozoic,pretends2know,66c34f7e0bf9dfbac9018a50.text,66c34f7e0bf9dfbac9018a50
Majespecter,Jaeger,66c34f7e0bf9dfbac9018a4d.text,66c34f7e0bf9dfbac9018a4d
Ice Barrier,DragoSlayzz,66c34f7e0bf9dfbac9018a4e.text,66c34f7e0bf9dfbac9018a4e
Floowandereeze,Soundumb,66c34f7e0bf9dfbac9018a4f.text,66c34f7e0bf9dfbac9018a4f
Rikka,Kurtwurt,66c34f7e0bf9dfbac9018a51.text,66c34f7e0bf9dfbac9018a51
Unchained,Mark,66c35a0833c011e989133269.text,66c35a0833c011e989133269
Ghoti,Dragnoud,66c35a4893154eb28c3e841a.text,66c35a4893154eb28c3e841a
Speedroid,Commander Keller,66c35a4893154eb28c3e841d.text,66c35a4893154eb28c3e841d
Ancient Warriors,Ankurupls,66c35a4893154eb28c3e8419.text,66c35a4893154eb28c3e8419
Gishki,perma,66c35a4893154eb28c3e841c.text,66c35a4893154eb28c3e841c
Paleozoic,Hamza AbdAllah,66c35a4893154eb28c3e841b.text,66c35a4893154eb28c3e841b
Live‚òÜTwin Spright,Saucy Senpai,66c35c496167061186058912.text,66c35c496167061186058912
Centur-Ion,Shuyin,66c376b16167061186088ac8.text,66c376b16167061186088ac8
Plants,Ryuran,66c37fc65471211b426891f9.text,66c37fc65471211b426891f9
Snake-Eye Fire King,PanPan,66c3a7bcdd673506b5c1f3e1.text,66c3a7bcdd673506b5c1f3e1
Unchained,Beast Mode B,66c3a7bcdd673506b5c1f3e0.text,66c3a7bcdd673506b5c1f3e0
Shark,Eria Qreius,66c3a8a9dd673506b5c2233c.text,66c3a8a9dd673506b5c2233c
Ice Barrier,kentreezy,66c3a8a9dd673506b5c2233b.text,66c3a8a9dd673506b5c2233b
Ice Barrier,ThatChosky,66c3a8a9dd673506b5c2233d.text,66c3a8a9dd673506b5c2233d
Floowandereeze,Cerinu,66c3a8a9dd673506b5c2233e.text,66c3a8a9dd673506b5c2233e
Resonators,ckw81,66c3a8f1dd673506b5c2395d.text,66c3a8f1dd673506b5c2395d
Blind Second,Zirza,66c3ab8e3d2738cfb85d29f9.text,66c3ab8e3d2738cfb85d29f9
Dragunity,EdwinAW_14,66c3ab8e3d2738cfb85d29fa.text,66c3ab8e3d2738cfb85d29fa
Phantasm Spiral,Letonelli,66c3ab8e3d2738cfb85d29fb.text,66c3ab8e3d2738cfb85d29fb
Rikka,Sergay,66c3ab8e3d2738cfb85d29fc.text,66c3ab8e3d2738cfb85d29fc
Marincess,Makaveli,66c3cdcd53c67417b18a9b14.text,66c3cdcd53c67417b18a9b14
Ghoti,DFM415,66c3cdcd53c67417b18a9b15.text,66c3cdcd53c67417b18a9b15
@Ignister,Senses,66c3f1ca3628f79666d0b7b5.text,66c3f1ca3628f79666d0b7b5
Paleozoic,STBoi,66c3ffa11bc7d886cc9599c2.text,66c3ffa11bc7d886cc9599c2
Rikka,ThomasGraduated2020,66c421a3174bc50fa0652f1c.text,66c421a3174bc50fa0652f1c
Majespecter,nekoresi,66c421a3174bc50fa0652f1d.text,66c421a3174bc50fa0652f1d
Vanquish Soul,QuinnCrystal,66c4249eaf3febf3ba412c45.text,66c4249eaf3febf3ba412c45
Voiceless Voice,10percentmilk,66c4254eaaaa28f5fe78e09b.text,66c4254eaaaa28f5fe78e09b
Kashtira,Xalter,66c4254eaaaa28f5fe78e09c.text,66c4254eaaaa28f5fe78e09c
Yubel,KosmannewO,66c4254eaaaa28f5fe78e09d.text,66c4254eaaaa28f5fe78e09d
Branded,888Mega,66c4254eaaaa28f5fe78e09e.text,66c4254eaaaa28f5fe78e09e
